g	t	nt	sites
ASXL1	X		
BRCC3	X	X	
CBL	X	X	I383M (2), C404Y (3), V430M (2)
CTCF	X	X	
DNMT3A	X	X	L295P (2), R635Q (2), R635W (4), S638F (2), L647R (2), R659H (2), I705T (4), R736C (3), R736H (2), F755S (3), S770L (5), I780T (2), M880V (2), R882C (2), R882H (6)
GNB1		X	K57E (4)
IDH1		X	R132H (2)
IDH2			R140Q (3)
JAK2			V617F (12)
KRAS		X	
PPM1D	X		
PTPN11		X	
SF3B1		X	H662Q (2), K666N (13), K666R (2), K700E (7), A744P (2)
SRSF2		X	P95A (2), P95H (6), P95L (4)
TET2	X	X	H1380Y (4), I1873T (6)
TP53	X	X	Y220C (2), M237V (2), R248W (2), R273H (2), R282W (2)
U2AF1		X	Q157P (3), Q157R (3)